,Country,League
0,Albania,Abissnet Superiore
1,Albania,Kategoria e Parë
2,Albania,Albanian Cup
3,Albania,Super Cup
4,Algeria,Ligue 1
5,Algeria,Ligue 2
6,Algeria,Algeria Cup
7,Algeria,Coupe de la Ligue
8,Algeria,Super Cup
9,Algeria,U21 League
10,Andorra,Primera Divisió
11,Andorra,Andorra Cup
12,Andorra,Super Cup
13,Angola,Girabola
14,Angola,Super Cup
15,Antigua & Barbuda,ABFA Premier League
16,Argentina,Torneo Betano
17,Argentina,Copa de la Liga Profesional
18,Argentina,Primera Nacional
19,Argentina,Torneo Federal
20,Argentina,Primera B
21,Argentina,Primera C
22,Argentina,Torneo Promocional Amateur
23,Argentina,Copa Argentina
24,Argentina,Super Cup
25,Argentina,International Super Cup
26,Argentina,Trofeo de Campeones
27,Argentina,Reserve League
28,Argentina,Torneos De Verano
29,Argentina,Primera A Women
30,Armenia,Premier League
31,Armenia,First League
32,Armenia,Armenian Cup
33,Armenia,Super Cup
34,Aruba,Division di Honor
35,Australia,A-League
36,Australia,NPL ACT
37,Australia,NPL Northern NSW
38,Australia,NPL NSW
39,Australia,NPL Queensland
40,Australia,NPL South Australia
41,Australia,NPL Tasmania
42,Australia,NPL Victoria
43,Australia,NPL Western Australia
44,Australia,NPL Finals Series
45,Australia,Capital Premier League
46,Australia,Northern NSW State League
47,Australia,NSW League One
48,Australia,Queensland Premier League
49,Australia,SA State League
50,Australia,Tasmania Northern Championship
51,Australia,Tasmania Southern Championship
52,Australia,Victoria Premier League
53,Australia,WA State League
54,Australia,Australia Cup
55,Australia,Y-League
56,Australia,A-League Women
57,Austria,Bundesliga
58,Austria,2. Liga
59,Austria,Regionalliga East
60,Austria,Regionalliga Central
61,Austria,Regionalliga West
62,Austria,Burgenland
63,Austria,Karnten
64,Austria,Niederosterreich
65,Austria,Oberosterreich
66,Austria,Salzburg
67,Austria,Steiermark
68,Austria,Tirol
69,Austria,Vorarlberg
70,Austria,Wien
71,Austria,OFB Cup
72,Austria,Bundesliga Women
73,Austria,OFB Cup Women
74,Azerbaijan,Premier League
75,Azerbaijan,I Liqa
76,Azerbaijan,Azerbaijan Cup
77,Azerbaijan,Super Cup
78,Bahrain,Premier League
79,Bahrain,King's Cup
80,Bahrain,Bahrain Cup
81,Bahrain,Super Cup
82,Bangladesh,Premier League
83,Bangladesh,Federation Cup
84,Barbados,Premier League
85,Belarus,Vysshaya Liga
86,Belarus,Pershaya Liga
87,Belarus,Belarusian Cup
88,Belarus,Super Cup
89,Belarus,Vysshaya Liga Women
90,Belgium,Jupiler Pro League
91,Belgium,Challenger Pro League
92,Belgium,National Division 1 - ACFF
93,Belgium,National Division 1 - VV
94,Belgium,Second Amateur Division Group ACFF
95,Belgium,Second Amateur Division Group VFV A
96,Belgium,Second Amateur Division Group VFV B
97,Belgium,Second Amateur Division Play Offs
98,Belgium,Belgian Cup
99,Belgium,Super Cup
100,Belgium,Pro League U21
101,Belgium,Super League Women
102,Belgium,1st National Women
103,Belgium,Belgian Cup Women
104,Benin,Ligue 1
105,Bermuda,Premier League
106,Bhutan,Premier League
107,Bolivia,Division Profesional
108,Bolivia,Nacional B
109,Bolivia,League Cup
110,Bosnia and Herzegovina,WWIN Liga BiH
111,Bosnia and Herzegovina,Prva Liga - FBiH
112,Bosnia and Herzegovina,Prva Liga - RS
113,Bosnia and Herzegovina,Bosnia and Herzegovina Cup
114,Botswana,Premier League
115,Brazil,Serie A Betano
116,Brazil,Serie B
117,Brazil,Serie C
118,Brazil,Serie D
119,Brazil,Acreano
120,Brazil,Alagoano
121,Brazil,Alagoano 2
122,Brazil,Amapaense
123,Brazil,Amazonense
124,Brazil,Amazonense 2
125,Brazil,Baiano
126,Brazil,Baiano 2
127,Brazil,Brasiliense
128,Brazil,Brasiliense 2
129,Brazil,Capixaba
130,Brazil,Capixaba 2
131,Brazil,Carioca
132,Brazil,Carioca 2
133,Brazil,Carioca B1
134,Brazil,Carioca B2
135,Brazil,Carioca C
136,Brazil,Catarinense
137,Brazil,Catarinense 2
138,Brazil,Catarinense 3
139,Brazil,Cearense
140,Brazil,Cearense 2
141,Brazil,Cearense 3
142,Brazil,Gaucho
143,Brazil,Gaucho 2
144,Brazil,Gaucho 3
145,Brazil,Goiano
146,Brazil,Goiano 2
147,Brazil,Goiano 3
148,Brazil,Maranhense
149,Brazil,Maranhense 2
150,Brazil,Matogrossense
151,Brazil,Matogrossense 2
152,Brazil,Mineiro
153,Brazil,Mineiro 2
154,Brazil,Mineiro 3
155,Brazil,Paraense
156,Brazil,Paraense B1
157,Brazil,Paraense B2
158,Brazil,Paraibano
159,Brazil,Paraibano 2
160,Brazil,Paranaense
161,Brazil,Paranaense 2
162,Brazil,Paranaense 3
163,Brazil,Paulista
164,Brazil,Paulista A2
165,Brazil,Paulista A3
166,Brazil,Paulista A4
167,Brazil,Paulista B
168,Brazil,Pernambucano
169,Brazil,Pernambucano 2
170,Brazil,Pernambucano 3
171,Brazil,Piauiense
172,Brazil,Piauiense 2
173,Brazil,Piauiense U20
174,Brazil,Potiguar
175,Brazil,Potiguar 2
176,Brazil,Rondoniense
177,Brazil,Rondoniense 2
178,Brazil,Roraimense
179,Brazil,Sergipano
180,Brazil,Sergipano 2
181,Brazil,Sul-Matogrossense
182,Brazil,Sul-Matogrossense 2
183,Brazil,Tocantinense
184,Brazil,Tocantinense 2
185,Brazil,Tocantinense U20
186,Brazil,Copa Betano do Brasil
187,Brazil,Copa do Brasil U20
188,Brazil,Copa Alagoas
189,Brazil,Copa Espirito Santo
190,Brazil,Copa Fares Lopes
191,Brazil,Copa FGF
192,Brazil,Copa FMF (Mato Grosso)
193,Brazil,Copa Grao Para
194,Brazil,Copa Paulista
195,Brazil,Copa Rio
196,Brazil,Copa Rio U20
197,Brazil,Copa Santa Catarina
198,Brazil,Copa Verde
199,Brazil,Copa do Nordeste
200,Brazil,Supercopa do Brasil
201,Brazil,Recopa Catarinense
202,Brazil,Recopa Gaucho
203,Brazil,Brasileiro U20
204,Brazil,Brasileiro U17
205,Brazil,Acreano U20
206,Brazil,Alagoano U20
207,Brazil,Baiano U20
208,Brazil,Brasiliense U20
209,Brazil,Capixaba U20
210,Brazil,Carioca U20
211,Brazil,Catarinense U20
212,Brazil,Cearense U20
213,Brazil,Gaucho U20
214,Brazil,Goiano U20
215,Brazil,Matogrossense U20
216,Brazil,Mineiro U20
217,Brazil,Paraense U20
218,Brazil,Paraibano U20
219,Brazil,Paranaense U20
220,Brazil,Paulista U20
221,Brazil,Pernambucano U20
222,Brazil,Potiguar U20
223,Brazil,Rondoniense U20
224,Brazil,Sergipano U20
225,Brazil,Sul-Matogrossense U20
226,Brazil,Copinha
227,Brazil,Brasileiro Women
228,Brazil,Brasileiro A2 Women
229,Brazil,Brasileiro A3 Women
230,Brazil,Supercopa do Brasil Women
231,Brazil,Acreano Women
232,Brazil,Alagoano Women
233,Brazil,Amazonense Women
234,Brazil,Baiano Women
235,Brazil,Brasiliense Women
236,Brazil,Carioca Women
237,Brazil,Capixaba Women
238,Brazil,Catarinense Women
239,Brazil,Cearense Women
240,Brazil,Gaucho Women
241,Brazil,Goiano Women
242,Brazil,Matogrossense Women
243,Brazil,Mineiro Women
244,Brazil,Paraense Women
245,Brazil,Paraibano Women
246,Brazil,Paranaense Women
247,Brazil,Paulista Women
248,Brazil,Pernambucano Women
249,Brazil,Sul-Matogrossense Women
250,Brazil,Copa Paulista Women
251,Brazil,Copa Rio Women
252,Bulgaria,Parva liga
253,Bulgaria,Vtora liga
254,Bulgaria,Third League - South-East
255,Bulgaria,Third League - South-West
256,Bulgaria,Third League - North-East
257,Bulgaria,Third League - North-West
258,Bulgaria,Bulgarian Cup
259,Bulgaria,Super Cup
260,Burkina Faso,Premier League
261,Burundi,Primus League
262,Burundi,Coupe du President
263,Burundi,Super Coupe
264,Cambodia,CPL
265,Cambodia,Super Cup
266,Cameroon,Elite One
267,Cameroon,Elite Two
268,Canada,Canadian Premier League
269,Canada,Championship
270,Canada,CSL
271,Canada,U Sports
272,Cape Verde,Campeonato Nacional
273,Chad,Premiere Division
274,Chile,Primera Division
275,Chile,Primera B
276,Chile,Segunda Division
277,Chile,Chilean Cup
278,Chile,Super Cup
279,Chile,Primera Division Women
280,China,Super League
281,China,Jia League
282,China,Yi League
283,China,FA Cup
284,China,Super Cup
285,China,Super League Women
286,Colombia,Primera A
287,Colombia,Primera B
288,Colombia,Copa Colombia
289,Colombia,Super Cup
290,Colombia,Liga Women
291,Costa Rica,Primera Division
292,Costa Rica,Liga de Ascenso
293,Costa Rica,Copa Costa Rica
294,Costa Rica,Super Cup
295,Costa Rica,Recopa de Costa Rica
296,Croatia,HNL
297,Croatia,Prva NL
298,Croatia,Druga NL
299,Croatia,Croatian Cup
300,Croatia,Super Cup
301,Croatia,1. HNL Women
302,Cuba,Liga Nacional
303,Curaçao,Promé Divishon
304,Cyprus,Cyprus League
305,Cyprus,Division 2
306,Cyprus,Cyprus Cup
307,Cyprus,Super Cup
308,Czech Republic,Chance Liga
309,Czech Republic,ChNL
310,Czech Republic,3. CFL - Group A
311,Czech Republic,3. CFL - Group B
312,Czech Republic,CFL Play Offs
313,Czech Republic,3. MSFL
314,Czech Republic,MOL Cup
315,Czech Republic,4. liga - Group A
316,Czech Republic,4. liga - Group B
317,Czech Republic,4. liga - Group C
318,Czech Republic,4. liga - Group D
319,Czech Republic,4. liga - Group E
320,Czech Republic,4. liga - Group F
321,Czech Republic,Jihocesky KP
322,Czech Republic,Jihomoravsky KP
323,Czech Republic,Karlovarsky KP
324,Czech Republic,Kralovehradecky KP
325,Czech Republic,Liberecky KP
326,Czech Republic,Moravskoslezsky KP
327,Czech Republic,Olomoucky KP
328,Czech Republic,Pardubicky KP
329,Czech Republic,Plzensky KP
330,Czech Republic,Prazsky prebor
331,Czech Republic,Stredocesky KP
332,Czech Republic,Ustecky KP
333,Czech Republic,Vysocina KP
334,Czech Republic,Zlinsky KP
335,Czech Republic,U19 League
336,Czech Republic,Tipsport liga
337,Czech Republic,1. Liga Women
338,Czech Republic,2. Liga Women
339,Czech Republic,Czech Cup Women
340,Denmark,Superliga
341,Denmark,1st Division
342,Denmark,2nd Division
343,Denmark,3rd Division
344,Denmark,Landspokal Cup
345,Denmark,Elitedivisionen Women
346,Denmark,1. Division Women
347,Denmark,Danish Cup Women
348,Djibouti,Division 1
349,Dominican Republic,LDF
350,DR Congo,Ligue 1
351,Ecuador,Liga Pro
352,Ecuador,Serie B
353,Ecuador,Copa Ecuador
354,Ecuador,Super Cup
355,Egypt,Premier League
356,Egypt,Division 2 A
357,Egypt,Egypt Cup
358,Egypt,League Cup
359,Egypt,Super Cup
360,El Salvador,Primera Division
361,England,Premier League
362,England,Championship
363,England,League One
364,England,League Two
365,England,National League
366,England,National League North
367,England,National League South
368,England,National League Cup
369,England,NPL Premier Division
370,England,Southern League Premier Central
371,England,Southern League Premier South
372,England,Isthmian League Premier Division
373,England,FA Cup
374,England,EFL Cup
375,England,FA Community Shield
376,England,EFL Trophy
377,England,FA Trophy
378,England,Premier League 2
379,England,Professional Development League
380,England,Premier League Cup
381,England,Premier League U18
382,England,FA Youth Cup
383,England,Women’s Super League
384,England,Women’s Championship
385,England,Women's National League North
386,England,Women's National League South
387,England,Women’s FA Cup
388,England,Women's League Cup
389,England,Women's FA Community Shield
390,Estonia,Meistriliiga
391,Estonia,Esiliiga
392,Estonia,Esiliiga B
393,Estonia,Estonian Cup
394,Estonia,Super Cup
395,Estonia,Meistriliiga Women
396,Eswatini,Swazi MTN Premier League
397,Ethiopia,Premier League
398,Faroe Islands,Premier League
399,Faroe Islands,1. Deild
400,Faroe Islands,Faroe Islands Cup
401,Faroe Islands,Super Cup
402,Fiji,Premier League
403,Fiji,Champion vs Champion
404,Finland,Veikkausliiga
405,Finland,Ykkosliiga
406,Finland,Ykkonen
407,Finland,Kakkonen Group A
408,Finland,Kakkonen Group B
409,Finland,Kakkonen Group C
410,Finland,Kakkonen Play Offs
411,Finland,Kakkonen Promotion Play Offs
412,Finland,Suomen Cup
413,Finland,Liiga Cup
414,Finland,Kakkosen Cup
415,Finland,Ykkosliigacup
416,Finland,Kansallinen Liiga Women
417,Finland,Ykkonen Women
418,Finland,Suomen Cup Women
419,France,Ligue 1
420,France,Ligue 2
421,France,National
422,France,National 2 - Group A
423,France,National 2 - Group B
424,France,National 2 - Group C
425,France,Coupe de la Ligue
426,France,Coupe de France
427,France,Super Cup
428,France,Premiere Ligue Women
429,France,Seconde Ligue Women
430,France,Coupe de France Women
431,France,Super Cup Women
432,Gabon,Championnat D1
433,Gambia,GFA League
434,Gambia,FF Cup
435,Georgia,Crystalbet Erovnuli Liga
436,Georgia,Crystalbet Erovnuli Liga 2
437,Georgia,Liga 3
438,Georgia,Georgian Cup
439,Georgia,Super Cup
440,Germany,Bundesliga
441,Germany,2. Bundesliga
442,Germany,3. Liga
443,Germany,Regionalliga North
444,Germany,Regionalliga Nordost
445,Germany,Regionalliga West
446,Germany,Regionalliga Sudwest
447,Germany,Regionalliga Bayern
448,Germany,Regionalliga Play Offs
449,Germany,Oberliga NOFV-Nord
450,Germany,Oberliga NOFV- Sud
451,Germany,Oberliga NOFV - Relegation
452,Germany,Oberliga Schleswig-Holstein
453,Germany,Oberliga Hamburg
454,Germany,Oberliga Bremen
455,Germany,Oberliga Niedersachsen
456,Germany,Oberliga Westfalen
457,Germany,Oberliga Hessen
458,Germany,Oberliga Rheinland-Pfalz/Saar
459,Germany,Oberliga Bayern Nord
460,Germany,Oberliga Bayern Süd
461,Germany,Oberliga Baden-Württemberg
462,Germany,Oberliga Mittelrhein
463,Germany,Oberliga Niederrhein
464,Germany,Oberliga NRW
465,Germany,Oberliga Bayern
466,Germany,Oberliga Bayern - Relegation
467,Germany,Oberliga Play Offs
468,Germany,DFB Pokal
469,Germany,Super Cup
470,Germany,Telekom Cup
471,Germany,DFB Youth League
472,Germany,DFB Junioren Pokal
473,Germany,Bundesliga Women
474,Germany,2. Bundesliga Women
475,Germany,DFB Pokal Women
476,Germany,Super Cup Women
477,Ghana,Premier League
478,Ghana,Division One League
479,Ghana,Ghanaian Cup
480,Ghana,Super Cup
481,Ghana,Super Cup Div. One
482,Gibraltar,National League
483,Gibraltar,Gibraltar Cup
484,Gibraltar,Super Cup
485,Greece,Super League
486,Greece,Super League 2
487,Greece,Football League
488,Greece,Gamma Ethniki - Group 1
489,Greece,Gamma Ethniki - Group 2
490,Greece,Gamma Ethniki - Group 3
491,Greece,Gamma Ethniki - Group 4
492,Greece,Gamma Ethniki - Promotion Play-offs
493,Greece,Gamma Ethniki - Relegation Play-offs
494,Greece,Greek Cup
495,Greece,Division A Women
496,Grenada,Premier Division
497,Guatemala,Liga Nacional
498,Guinea,Ligue 1
499,Haiti,Championnat National
500,Honduras,Liga Nacional
501,Hong Kong,Premier League
502,Hong Kong,FA Cup
503,Hong Kong,HKPL Cup
504,Hong Kong,Sapling Cup
505,Hong Kong,Senior Shield
506,Hungary,OTP Bank Liga
507,Hungary,Merkantil Bank Liga
508,Hungary,NB III - Northeast
509,Hungary,NB III - Northwest
510,Hungary,NB III - Southeast
511,Hungary,NB III - Southwest
512,Hungary,NB III - Promotion Play Offs
513,Hungary,Hungarian Cup
514,Hungary,NB I Women
515,Hungary,Hungarian Cup Women
516,Iceland,Besta deild karla
517,Iceland,Division 1
518,Iceland,Division 2
519,Iceland,League Cup
520,Iceland,Icelandic Cup
521,Iceland,Reykjavik Cup
522,Iceland,Fotbolti.net Cup
523,Iceland,Super Cup
524,Iceland,Besta deild Women
525,Iceland,League Cup Women
526,Iceland,Icelandic Cup Women
527,Iceland,Super Cup Women
528,India,ISL
529,India,I-League
530,India,I-League 2
531,India,I-League 3
532,India,Calcutta Premier Division
533,India,Santosh Trophy
534,India,Durand Cup
535,India,Kalinga Super Cup
536,India,IWL Women
537,Indonesia,Liga 1
538,Indonesia,Liga 2
539,Indonesia,President Cup
540,Indonesia,Piala Indonesia
541,Indonesia,Menpora Cup
542,Iran,Persian Gulf Pro League
543,Iran,Azadegan League
544,Iran,Hazfi Cup
545,Iran,Super Cup
546,Iraq,Stars League
547,Iraq,Iraq Cup
548,Ireland,Premier Division
549,Ireland,Division 1
550,Ireland,FAI Cup
551,Ireland,League Cup
552,Ireland,Super Cup
553,Ireland,National League Women
554,Ireland,FAI Cup Women
555,Israel,Ligat ha'Al
556,Israel,Leumit League
557,Israel,Liga Alef North
558,Israel,Liga Alef South
559,Israel,Liga Alef - Promotion Play Offs
560,Israel,Liga Alef - Relegation
561,Israel,State Cup
562,Israel,Toto Cup
563,Israel,Super Cup
564,Italy,Serie A
565,Italy,Serie B
566,Italy,Serie C - Group A
567,Italy,Serie C - Group B
568,Italy,Serie C - Group C
569,Italy,Serie C - Promotion - Play Offs
570,Italy,Serie C - Play Out
571,Italy,Serie D - Group A
572,Italy,Serie D - Group B
573,Italy,Serie D - Group C
574,Italy,Serie D - Group D
575,Italy,Serie D - Group E
576,Italy,Serie D - Group F
577,Italy,Serie D - Group G
578,Italy,Serie D - Group H
579,Italy,Serie D - Group I
580,Italy,Serie D - Play Offs
581,Italy,Serie D - Winners stage
582,Italy,Coppa Italia
583,Italy,Coppa Italia Serie C
584,Italy,Coppa Italia Serie D
585,Italy,Super Cup
586,Italy,Super Cup (Serie C)
587,Italy,Primavera 1
588,Italy,Primavera 2
589,Italy,Coppa Italia Primavera
590,Italy,Supercoppa Primavera
591,Italy,Serie A Women
592,Italy,Serie B Women
593,Italy,Coppa Italia Women
594,Italy,Super Cup Women
595,Ivory Coast,Ligue 1
596,Jamaica,Premier League
597,Japan,J1 League
598,Japan,J2 League
599,Japan,J3 League
600,Japan,YBC Levain Cup
601,Japan,Emperors Cup
602,Japan,Super Cup
603,Japan,J Youth Cup
604,Japan,WE League Women
605,Japan,Nadeshiko League Women
606,Japan,WE League Cup Women
607,Japan,Empress's Cup Women
608,Jordan,Premier League
609,Jordan,Jordan Cup
610,Jordan,Shield Cup
611,Jordan,Super Cup
612,Kazakhstan,Premier League
613,Kazakhstan,First Division
614,Kazakhstan,Kazakhstan Cup
615,Kazakhstan,League Cup
616,Kazakhstan,Super Cup
617,Kazakhstan,QFL League Women
618,Kenya,Premier League
619,Kenya,Super League
620,Kenya,FKF Cup
621,Kenya,FKF Charity Shield
622,Kosovo,Superliga
623,Kosovo,Liga e Pare
624,Kosovo,Kosovar Cup
625,Kosovo,Super Cup
626,Kuwait,Premier League
627,Kuwait,Division 1
628,Kuwait,Crown Prince Cup
629,Kuwait,Emir Cup
630,Kuwait,Super Cup
631,Kyrgyzstan,Premier Liga
632,Laos,Lao League
633,Latvia,Virsliga
634,Latvia,1. Liga
635,Latvia,Latvian Cup
636,Latvia,League Cup
637,Latvia,Super Cup
638,Latvia,1. Liga Women
639,Lebanon,Premier League
640,Lebanon,Lebanese Cup
641,Lebanon,Federation Cup
642,Lebanon,Super Cup
643,Lesotho,Premier League
644,Liberia,LFA First Division
645,Libya,Premier League
646,Liechtenstein,Liechtenstein Cup
647,Lithuania,A Lyga
648,Lithuania,I Lyga
649,Lithuania,Lithuanian Cup
650,Lithuania,Super Cup
651,Luxembourg,BGL Ligue
652,Luxembourg,Luxembourg Cup
653,Macao,Elite League
654,Malawi,Super League
655,Malaysia,Super League
656,Malaysia,Malaysia Cup
657,Malaysia,FA Cup
658,Malaysia,Piala Sumbangsih
659,Maldives,Dhivehi Premier League
660,Mali,Premiere Division
661,Malta,Premier League
662,Malta,Challenge League
663,Malta,FA Trophy
664,Malta,Super Cup
665,Malta,Summer Cup
666,Martinique,Trophee Gerard Janvion
667,Mauritania,Ligue 1
668,Mauritius,Super League
669,Mexico,Liga MX
670,Mexico,Liga de Expansion MX
671,Mexico,Liga Premier Serie A
672,Mexico,Liga Premier Serie B
673,Mexico,Copa Mexico
674,Mexico,Copa por Mexico
675,Mexico,Campeón de Campeones
676,Mexico,Liga MX U23
677,Mexico,Liga MX Women
678,Moldova,Super Liga
679,Moldova,Liga 1
680,Moldova,Moldovan Cup
681,Moldova,Super Cup
682,Mongolia,Premier League
683,Mongolia,Super Cup
684,Montenegro,Prva Crnogorska Liga
685,Montenegro,Druga Liga
686,Montenegro,Montenegrin Cup
687,Morocco,Botola Pro
688,Morocco,Botola 2
689,Morocco,Coupe du Trone
690,Morocco,Excellence Cup
691,Mozambique,Mocambola
692,Mozambique,Super Cup
693,Myanmar,National League
694,Myanmar,MNL League Cup
695,Namibia,Premiership
696,Netherlands,Eredivisie
697,Netherlands,Eerste Divisie
698,Netherlands,Tweede Divisie
699,Netherlands,Derde Divisie
700,Netherlands,Reserve League
701,Netherlands,KNVB Beker
702,Netherlands,Johan Cruyff Shield
703,Netherlands,Divisie 1 U21
704,Netherlands,Divisie 1 U19
705,Netherlands,Eredivisie Women
706,Netherlands,KNVB Beker Women
707,Netherlands,Eredivisie Cup Women
708,Netherlands,Super Cup Women
709,New Zealand,National League
710,New Zealand,Chatham Cup
711,New Zealand,National League Women
712,New Zealand,Kate Sheppard Cup Women
713,Nicaragua,Liga Primera
714,Nicaragua,Liga Primera U20
715,Niger,Super Ligue
716,Nigeria,NPFL
717,Nigeria,NPFL Pre-season
718,Nigeria,NNL
719,Nigeria,Federation Cup
720,Nigeria,Super Cup
721,Northern Ireland,NIFL Premiership
722,Northern Ireland,NIFL Championship
723,Northern Ireland,Irish Cup
724,Northern Ireland,Irish League Cup
725,Northern Ireland,Charity Shield
726,Northern Ireland,Premiership Women
727,North Macedonia,1. MFL
728,North Macedonia,2. MFL
729,North Macedonia,Macedonian Cup
730,North Macedonia,Super Cup
731,North Macedonia,1. WFL Women
732,Norway,Eliteserien
733,Norway,OBOS-ligaen
734,Norway,Division 2 - Group 1
735,Norway,Division 2 - Group 2
736,Norway,Division 3 - Group 1
737,Norway,Division 3 - Group 2
738,Norway,Division 3 - Group 3
739,Norway,Division 3 - Group 4
740,Norway,Division 3 - Group 5
741,Norway,Division 3 - Group 6
742,Norway,NM Cup
743,Norway,Super Cup
744,Norway,OBOS Supercup
745,Norway,Nasjonal U19 CL
746,Norway,Junior U19
747,Norway,Junior Elite Tournament
748,Norway,Toppserien Women
749,Norway,Division 1 Women
750,Norway,Norway Cup Women
751,Oman,Professional League
752,Oman,Sultan Cup
753,Oman,Super Cup
754,Pakistan,Premier League
755,Palestine,West Bank League
756,Panama,LPF
757,Paraguay,Primera Division
758,Paraguay,Division Intermedia
759,Paraguay,Copa Paraguay
760,Paraguay,Super Cup
761,Peru,Liga 1
762,Peru,Liga 2
763,Peru,Copa Bicentenario
764,Peru,Copa Peru
765,Peru,Supercopa Peruana
766,Peru,Liga Women
767,Philippines,PFL
768,Philippines,Copa Paulino Alcantara
769,Poland,Ekstraklasa
770,Poland,Division 1
771,Poland,Division 2
772,Poland,III Liga - Group I
773,Poland,III Liga - Group II
774,Poland,III Liga - Group III
775,Poland,III Liga - Group IV
776,Poland,Polish Cup
777,Poland,Super Cup
778,Poland,Central Youth League
779,Poland,Ekstraliga Women
780,Poland,Polish Cup Women
781,Portugal,Liga Portugal
782,Portugal,Liga Portugal 2
783,Portugal,Liga 3
784,Portugal,Campeonato de Portugal - Group A
785,Portugal,Campeonato de Portugal - Group B
786,Portugal,Campeonato de Portugal - Group C
787,Portugal,Campeonato de Portugal - Group D
788,Portugal,Campeonato de Portugal - Play Offs
789,Portugal,Campeonato de Portugal - Promotion Group
790,Portugal,Taça de Portugal
791,Portugal,League Cup
792,Portugal,Super Cup
793,Portugal,Liga Revelacao U23
794,Portugal,Taca Revelacao U23
795,Portugal,Campeonato Nacional U19
796,Portugal,Liga BPI Women
797,Portugal,Taça de Portugal Women
798,Portugal,Taça da Liga Women
799,Portugal,Super Cup Women
800,Qatar,QSL
801,Qatar,Division 2
802,Qatar,QFA Cup
803,Qatar,QSL Cup
804,Qatar,Qatar Cup
805,Qatar,Emir Cup
806,Qatar,Sheikh Jassim Cup
807,Republic of the Congo,Ligue 1
808,Réunion,Regionale 1
809,Romania,Liga 1
810,Romania,Liga 2
811,Romania,Liga 3 - Seria 1
812,Romania,Liga 3 - Seria 2
813,Romania,Liga 3 - Seria 3
814,Romania,Liga 3 - Seria 4
815,Romania,Liga 3 - Seria 5
816,Romania,Liga 3 - Seria 6
817,Romania,Liga 3 - Seria 7
818,Romania,Liga 3 - Seria 8
819,Romania,Liga 3 - Seria 9
820,Romania,Liga 3 - Seria 10
821,Romania,Liga 3 - Promotion Play Offs
822,Romania,Liga 3 - Relegation Play Offs
823,Romania,Romanian Cup
824,Romania,Super Cup
825,Romania,Liga 1 Women
826,Romania,Romanian Cup Women
827,Russia,Premier League
828,Russia,FNL
829,Russia,FNL 2 - Division A Gold
830,Russia,FNL 2 - Division A Silver
831,Russia,FNL 2 - Division B - Group 1
832,Russia,FNL 2 - Division B - Group 2
833,Russia,FNL 2 - Division B - Group 3
834,Russia,FNL 2 - Division B - Group 4
835,Russia,Youth League
836,Russia,Russian Cup
837,Russia,FNL Cup
838,Russia,Super Cup
839,Russia,Supreme Division Women
840,Russia,Russia Cup Women
841,Russia,Super Cup Women
842,Rwanda,Premier League
843,Rwanda,Super Cup
844,San Marino,Campionato Sammarinese
845,San Marino,Coppa Titano
846,San Marino,Super Cup
847,São Tomé and Príncipe,Campeonato Nacional
848,Saudi Arabia,Saudi Professional League
849,Saudi Arabia,Division 1
850,Saudi Arabia,King Cup
851,Saudi Arabia,Super Cup
852,Saudi Arabia,Premier League Women
853,Scotland,Premiership
854,Scotland,Championship
855,Scotland,League One
856,Scotland,League Two
857,Scotland,Highland League
858,Scotland,Lowland League
859,Scotland,Scottish Cup
860,Scotland,League Cup
861,Scotland,Challenge Cup
862,Scotland,SWPL 1 Women
863,Scotland,Scottish Cup Women
864,Scotland,SWPL Cup Women
865,Senegal,Ligue 1
866,Serbia,Super Liga
867,Serbia,Prva Liga
868,Serbia,Srpska Liga - Belgrade
869,Serbia,Srpska Liga - Vojvodina
870,Serbia,Srpska Liga - East
871,Serbia,Srpska Liga - West
872,Serbia,Srpska Liga - Promotion Play Offs
873,Serbia,Serbian Cup
874,Seychelles,Premier League
875,Seychelles,Special Competition
876,Sierra Leone,Premier League
877,Singapore,Premier League
878,Singapore,Singapore Cup
879,Singapore,Singapore Community Shield
880,Slovakia,Nike liga
881,Slovakia,2. liga
882,Slovakia,3. Liga - East
883,Slovakia,3. Liga - West
884,Slovakia,4. liga - Bratislava
885,Slovakia,4. liga - Central
886,Slovakia,4. liga - East
887,Slovakia,4. liga - West
888,Slovakia,Slovak Cup
889,Slovakia,1. Liga Women
890,Slovenia,Prva liga
891,Slovenia,2. SNL
892,Slovenia,3. SNL - East
893,Slovenia,3. SNL - West
894,Slovenia,Slovenian Cup
895,Slovenia,Super Cup
896,Slovenia,1. SZNL Women
897,Somalia,National league
898,South Africa,Premiership
899,South Africa,Motsepe Foundation Championship
900,South Africa,Diski Challenge
901,South Africa,Nedbank Cup
902,South Africa,Carling Knockout
903,South Africa,MTN 8 Cup
904,South Africa,Multichoice Diski Shield
905,South Korea,K League 1
906,South Korea,K League 2
907,South Korea,K3 League
908,South Korea,League Cup
909,South Korea,Korean Cup
910,South Korea,WK League Women
911,Spain,LaLiga
912,Spain,LaLiga2
913,Spain,Primera RFEF - Group 1
914,Spain,Primera RFEF - Group 2
915,Spain,Primera RFEF - Play Offs
916,Spain,Primera RFEF - Promotion Play Offs
917,Spain,Segunda RFEF - Group 1
918,Spain,Segunda RFEF - Group 2
919,Spain,Segunda RFEF - Group 3
920,Spain,Segunda RFEF - Group 4
921,Spain,Segunda RFEF - Group 5
922,Spain,Segunda RFEF - Promotion Play Offs
923,Spain,Segunda RFEF - Play Out
924,Spain,Tercera RFEF - Group 1
925,Spain,Tercera RFEF - Group 2
926,Spain,Tercera RFEF - Group 3
927,Spain,Tercera RFEF - Group 4
928,Spain,Tercera RFEF - Group 5
929,Spain,Tercera RFEF - Group 6
930,Spain,Tercera RFEF - Group 7
931,Spain,Tercera RFEF - Group 8
932,Spain,Tercera RFEF - Group 9
933,Spain,Tercera RFEF - Group 10
934,Spain,Tercera RFEF - Group 11
935,Spain,Tercera RFEF - Group 12
936,Spain,Tercera RFEF - Group 13
937,Spain,Tercera RFEF - Group 14
938,Spain,Tercera RFEF - Group 15
939,Spain,Tercera RFEF - Group 16
940,Spain,Tercera RFEF - Group 17
941,Spain,Tercera RFEF - Group 18
942,Spain,Tercera Division - Play Offs
943,Spain,Tercera RFEF - Promotion Play Offs
944,Spain,Copa del Rey
945,Spain,Copa Federacion
946,Spain,Super Cup
947,Spain,Liga F Women
948,Spain,Primera Federacion Women
949,Spain,Copa de la Reina Women
950,Spain,Super Cup Women
951,Sri Lanka,Super League
952,Sudan,Super League
953,Suriname,SML
954,Sweden,Allsvenskan
955,Sweden,Superettan
956,Sweden,Division 1 - Norra
957,Sweden,Division 1 - Södra
958,Sweden,Division 1 - Relegation
959,Sweden,Division 2 - Norrland
960,Sweden,Division 2 - Norra Götaland
961,Sweden,Division 2 - Norra Svealand
962,Sweden,Division 2 - Södra Götaland
963,Sweden,Division 2 - Södra Svealand
964,Sweden,Division 2 - Västra Götaland
965,Sweden,Division 2 - Östra Götaland
966,Sweden,Division 2 - Promotion Group
967,Sweden,Svenska Cupen
968,Sweden,Super Cup
969,Sweden,Allsvenskan Women
970,Sweden,Elitettan Women
971,Sweden,Svenska Cupen Women
972,Sweden,Super Cup Women
973,Switzerland,Super League
974,Switzerland,Challenge League
975,Switzerland,Promotion League
976,Switzerland,1.Liga Classic Group 1
977,Switzerland,1.Liga Classic Group 2
978,Switzerland,1.Liga Classic Group 3
979,Switzerland,1.Liga Classic Play Offs
980,Switzerland,Swiss Cup
981,Switzerland,1.Liga Classic Cup
982,Switzerland,Super League Women
983,Syria,Premier League
984,Syria,Syria Cup
985,Taiwan,Premier League
986,Taiwan,Mulan Football League Women
987,Tajikistan,Vysshaya Liga
988,Tajikistan,Super Cup
989,Tanzania,Ligi Kuu Bara
990,Tanzania,Federation Cup
991,Tanzania,Community Shield
992,Thailand,Thai League 1
993,Thailand,Thai League 2
994,Thailand,Thai FA Cup
995,Thailand,League Cup
996,Thailand,Champions Cup
997,Togo,Championnat National
998,Trinidad and Tobago,TT Premier League
999,Tunisia,Ligue Professionnelle 1
1000,Tunisia,Ligue 2
1001,Tunisia,Tunisia Cup
1002,Tunisia,Super Cup
1003,Turkey,Super Lig
1004,Turkey,1. Lig
1005,Turkey,2. Lig White Group
1006,Turkey,2. Lig Red Group
1007,Turkey,2. Lig Play Offs
1008,Turkey,3. Lig Group 1
1009,Turkey,3. Lig Group 2
1010,Turkey,3. Lig Group 3
1011,Turkey,3. Lig Group 4
1012,Turkey,TFF 3. Lig Play Offs
1013,Turkey,Turkish Cup
1014,Turkey,Super Cup
1015,Turkey,Super Lig Women
1016,Turkmenistan,Yokary Liga
1017,Uganda,Premier League
1018,Uganda,Big League
1019,Uganda,Uganda Cup
1020,Ukraine,Premier League
1021,Ukraine,Persha Liga
1022,Ukraine,Druha Liga
1023,Ukraine,U19 League
1024,Ukraine,Ukrainian Cup
1025,Ukraine,Super Cup
1026,Ukraine,Championship Women
1027,United Arab Emirates,UAE League
1028,United Arab Emirates,Division 1
1029,United Arab Emirates,League Cup
1030,United Arab Emirates,Presidents Cup
1031,United Arab Emirates,Super Cup
1032,Uruguay,Primera Division
1033,Uruguay,Segunda Division
1034,Uruguay,Copa Uruguay
1035,Uruguay,Super Cup
1036,USA,MLS
1037,USA,USL Championship
1038,USA,MLS Next Pro
1039,USA,USL League One
1040,USA,USL League Two
1041,USA,NISA
1042,USA,US Open Cup
1043,USA,USL League One Cup
1044,USA,MLS is Back
1045,USA,Carolina Challenge Cup
1046,USA,NWSL Women
1047,USA,USL Super League Women
1048,USA,NWSL Challenge Cup Women
1049,Uzbekistan,Super League
1050,Uzbekistan,Pro Liga
1051,Uzbekistan,Uzbekistan Cup
1052,Uzbekistan,Super Cup
1053,Venezuela,Liga FUTVE
1054,Venezuela,Liga FUTVE 2
1055,Venezuela,Copa Venezuela
1056,Venezuela,Copa Bicentenaria
1057,Vietnam,V.League 1
1058,Vietnam,V.League 2
1059,Vietnam,Vietnamese Cup
1060,Vietnam,Super Cup
1061,Vietnam,National League Women
1062,Vietnam,Vietnamese Cup Women
1063,Wales,Cymru Premier
1064,Wales,Cymru South
1065,Wales,Cymru North
1066,Wales,Cymru Alliance
1067,Wales,FA Cup
1068,Wales,League Cup
1069,Wales,Premier Women
1070,Yemen,Division 1
1071,Zambia,Super League
1072,Zambia,Absa Cup
1073,Zambia,Super Cup
1074,Zimbabwe,Premier Soccer League
1075,Zimbabwe,Chibuku Super Cup
1076,Africa,Africa Cup of Nations
1077,Africa,AFL
1078,Africa,CAF Champions League
1079,Africa,World Championship
1080,Africa,CAF Confederation Cup
1081,Africa,CAF Super Cup
1082,Africa,African Games
1083,Africa,African Nations Championship
1084,Africa,Africa Cup of Nations U23
1085,Africa,Africa Cup of Nations U20
1086,Africa,Africa Cup of Nations U17
1087,Africa,CECAFA Championship
1088,Africa,CECAFA Clubs Cup
1089,Africa,CECAFA Championship U20
1090,Africa,COSAFA Cup
1091,Africa,COSAFA Championship U20
1092,Africa,Africa Cup of Nations Women
1093,Africa,CAF Champions League Women
1094,Africa,African Games Women
1095,Africa,CECAFA Championship Women
1096,Africa,COSAFA Cup Women
1097,Africa,WAFU Cup of Nations
1098,Asia,Asian Cup
1099,Asia,AFC Champions League
1100,Asia,AFC Champions League 2
1101,Asia,AFC Challenge League
1102,Asia,EAFF E-1 Football Championship
1103,Asia,World Championship
1104,Asia,SAFF Championship
1105,Asia,ASEAN Championship
1106,Asia,ASEAN Club Championship
1107,Asia,WAFF Championship
1108,Asia,WAFF Championship U23
1109,Asia,WAFF Championship U19
1110,Asia,Asian Games
1111,Asia,Southeast Asian Games
1112,Asia,Super Cup UAE / Qatar
1113,Asia,Super Shield UAE / Qatar
1114,Asia,AFC Asian Cup U23
1115,Asia,AFC Asian Cup U20
1116,Asia,AFC Asian Cup U17
1117,Asia,AFF Championship U23
1118,Asia,ASEAN Championship U19
1119,Asia,AFC Solidarity Cup
1120,Asia,CAFA Nations Cup
1121,Asia,Guangdong - Hong Kong Cup
1122,Asia,Gulf Cup of Nations
1123,Asia,Gulf Club Champions League
1124,Asia,Merdeka Cup
1125,Asia,SAFF Championship U20
1126,Asia,Asian Cup Women
1127,Asia,Asian Games Women
1128,Asia,AFC Champions League Women
1129,Asia,EAFF E-1 Football Championship Women
1130,Asia,East Asian Games Women
1131,Asia,Southeast Asian Games Women
1132,Asia,AFC Club Championship Women
1133,Asia,AFC Asian Cup Women U20
1134,Asia,AFC Asian Cup Women U17
1135,Asia,AFF Championship Women
1136,Asia,CAFA Championship Women
1137,Asia,SAFF Championship Women
1138,Asia,WAFF Championship Women
1139,Australia & Oceania,OFC Nations Cup
1140,Australia & Oceania,OFC Champions League
1141,Australia & Oceania,OFC Championship U23
1142,Australia & Oceania,OFC Championship U19
1143,Australia & Oceania,OFC Championship U16
1144,Australia & Oceania,Pacific Games
1145,Australia & Oceania,OFC Nations Cup Women
1146,Australia & Oceania,OFC Championship U19 Women
1147,Australia & Oceania,World Championship
1148,Australia & Oceania,OFC Championship U16 Women
1149,Australia & Oceania,Pacific Games Women
1150,Europe,Euro
1151,Europe,Champions League
1152,Europe,Europa League
1153,Europe,Conference League
1154,Europe,UEFA Nations League
1155,Europe,Euro U21
1156,Europe,Euro U19
1157,Europe,World Championship
1158,Europe,Euro U17
1159,Europe,UEFA Super Cup
1160,Europe,UEFA Regions' Cup
1161,Europe,UEFA Youth League
1162,Europe,Elite League U20
1163,Europe,Atlantic Cup
1164,Europe,Baltic Cup
1165,Europe,Baltic Cup U21
1166,Europe,Czech-Slovak Super Cup
1167,Europe,Emirates Cup
1168,Europe,Marbella Cup
1169,Europe,Premier League International Cup
1170,Europe,Premier League (Crimea)
1171,Europe,Tipsport Malta Cup
1172,Europe,Uhren Cup
1173,Europe,Champions League Women
1174,Europe,Euro Women
1175,Europe,UEFA Nations League Women
1176,Europe,Euro U19 Women
1177,Europe,Euro U17 Women
1178,Europe,All-Island Cup Women
1179,North & Central America,Gold Cup
1180,North & Central America,CONCACAF Champions Cup
1181,North & Central America,CONCACAF Nations League
1182,North & Central America,CONCACAF League
1183,North & Central America,World Championship
1184,North & Central America,CONCACAF Central American Cup
1185,North & Central America,CONCACAF Cup
1186,North & Central America,CONCACAF Championship U20
1187,North & Central America,CONCACAF Championship U17
1188,North & Central America,Campeones Cup
1189,North & Central America,Caribbean Cup
1190,North & Central America,CONCACAF Caribbean Cup
1191,North & Central America,CFU Club Shield
1192,North & Central America,Central American & Caribbean Games
1193,North & Central America,Copa Centroamericana
1194,North & Central America,Leagues Cup
1195,North & Central America,Gold Cup Women
1196,North & Central America,CONCACAF Champions Cup Women
1197,North & Central America,CONCACAF Championship Women
1198,North & Central America,CONCACAF Championship Women U20
1199,North & Central America,CONCACAF Championship Women U17
1200,North & Central America,Central American & Caribbean Games Women
1201,South America,Copa América
1202,South America,Copa Libertadores
1203,South America,Copa Sudamericana
1204,South America,Recopa Sudamericana
1205,South America,Copa Libertadores U20
1206,South America,World Championship
1207,South America,South American Championship U20
1208,South America,South American Championship U17
1209,South America,South American Games U20
1210,South America,Serie Rio de la Plata
1211,South America,Copa Antel
1212,South America,Copa América Women
1213,South America,Copa Libertadores Women
1214,South America,South American Championship Women U20
1215,South America,South American Championship Women U17
1216,South America,South American Games Women U20
1217,World,World Championship
1218,World,Olympic Games
1219,World,FIFA Club World Cup
1220,World,FIFA Intercontinental Cup
1221,World,FIFA Confederations Cup
1222,World,World Cup U20
1223,World,World Cup U17
1224,World,Finalissima
1225,World,UEFA CONMEBOL Club Challenge
1226,World,Friendly International
1227,World,Club Friendly
1228,World,Arab Club Champions Cup
1229,World,Arab Cup U20
1230,World,FIFA Arab Cup
1231,World,Audi Cup
1232,World,Bangabandhu Gold Cup
1233,World,Berlusconi Trophy
1234,World,CEE Cup
1235,World,NextGen Cup
1236,World,China Cup
1237,World,COTIF Tournament
1238,World,International Champions Cup
1239,World,Intercontinental Cup U20
1240,World,Islamic Solidarity Games
1241,World,Jezek Cup
1242,World,J.League Cup / Copa Sudamericana
1243,World,Kings Cup (Thailand)
1244,World,Kirin Cup (Japan)
1245,World,La Manga Cup
1246,World,Mediterranean Games
1247,World,Nordic Tournament U17
1248,World,NWSL x Liga MX Women Summer Cup
1249,World,Pan American Games
1250,World,Premier League Asia Trophy
1251,World,Slovakia Cup
1252,World,Maurice Revello Tournament
1253,World,Trofeo Colombino
1254,World,Universiade
1255,World,Valentin Granatkin Memorial
1256,World,Viareggio Cup
1257,World,Visit Tucson Sun Cup
1258,World,World Medical Football Championship
1259,World,World Cup Women
1260,World,World Cup Women U20
1261,World,World Cup Women U17
1262,World,Olympic Games Women
1263,World,Friendly International Women
1264,World,Club Friendly Women
1265,World,Algarve Cup Women
1266,World,Arnold Clark Cup Women
1267,World,Finalissima Women
1268,World,International Champions Cup Women
1269,World,International Tournament (Cyprus) Women
1270,World,Istria Cup Women
1271,World,Pan American Games Women
1272,World,SheBelieves Cup Women
1273,World,Tournament of Nations Women
1274,World,Tournoi de France Women
1275,World,Universiade Women
